{
  "signup-135" : {
    "transaction" : "signup-135",
    "sampleCount" : 17,
    "errorCount" : 0,
    "errorPct" : 0.0,
    "meanResTime" : 1487.0000000000002,
    "medianResTime" : 1239.0,
    "minResTime" : 846.0,
    "maxResTime" : 2673.0,
    "pct1ResTime" : 2172.9999999999995,
    "pct2ResTime" : 2673.0,
    "pct3ResTime" : 2673.0,
    "throughput" : 4.63847089369064E-5,
    "receivedKBytesPerSec" : 2.607701013797841E-4,
    "sentKBytesPerSec" : 9.894853896898087E-5
  },
  "Remove item" : {
    "transaction" : "Remove item",
    "sampleCount" : 5,
    "errorCount" : 0,
    "errorPct" : 0.0,
    "meanResTime" : 256.0,
    "medianResTime" : 201.0,
    "minResTime" : 168.0,
    "maxResTime" : 519.0,
    "pct1ResTime" : 519.0,
    "pct2ResTime" : 519.0,
    "pct3ResTime" : 519.0,
    "throughput" : 1.3642324749379786E-5,
    "receivedKBytesPerSec" : 7.080952738569683E-5,
    "sentKBytesPerSec" : 9.365775682435536E-6
  },
  "signup-135-1" : {
    "transaction" : "signup-135-1",
    "sampleCount" : 17,
    "errorCount" : 0,
    "errorPct" : 0.0,
    "meanResTime" : 238.05882352941177,
    "medianResTime" : 204.0,
    "minResTime" : 173.0,
    "maxResTime" : 408.0,
    "pct1ResTime" : 351.99999999999994,
    "pct2ResTime" : 408.0,
    "pct3ResTime" : 408.0,
    "throughput" : 4.638491637172022E-5,
    "receivedKBytesPerSec" : 2.4496234586404844E-4,
    "sentKBytesPerSec" : 3.218806237191982E-5
  },
  "signup-135-0" : {
    "transaction" : "signup-135-0",
    "sampleCount" : 17,
    "errorCount" : 0,
    "errorPct" : 0.0,
    "meanResTime" : 1246.4705882352941,
    "medianResTime" : 1022.0,
    "minResTime" : 648.0,
    "maxResTime" : 2264.0,
    "pct1ResTime" : 1845.5999999999997,
    "pct2ResTime" : 2264.0,
    "pct3ResTime" : 2264.0,
    "throughput" : 4.638473488197684E-5,
    "receivedKBytesPerSec" : 1.5808859837704995E-5,
    "sentKBytesPerSec" : 6.676065788533603E-5
  },
  "fill checkout details" : {
    "transaction" : "fill checkout details",
    "sampleCount" : 5,
    "errorCount" : 0,
    "errorPct" : 0.0,
    "meanResTime" : 225.6,
    "medianResTime" : 221.0,
    "minResTime" : 168.0,
    "maxResTime" : 336.0,
    "pct1ResTime" : 336.0,
    "pct2ResTime" : 336.0,
    "pct3ResTime" : 336.0,
    "throughput" : 1.3642249225132521E-5,
    "receivedKBytesPerSec" : 6.309540266623791E-5,
    "sentKBytesPerSec" : 1.6932908950335385E-5
  },
  "checkout confirm" : {
    "transaction" : "checkout confirm",
    "sampleCount" : 5,
    "errorCount" : 0,
    "errorPct" : 0.0,
    "meanResTime" : 244.4,
    "medianResTime" : 203.0,
    "minResTime" : 167.0,
    "maxResTime" : 448.0,
    "pct1ResTime" : 448.0,
    "pct2ResTime" : 448.0,
    "pct3ResTime" : 448.0,
    "throughput" : 1.3642213082479083E-5,
    "receivedKBytesPerSec" : 7.617790469298378E-5,
    "sentKBytesPerSec" : 8.699575334823087E-6
  },
  "select pet" : {
    "transaction" : "select pet",
    "sampleCount" : 5,
    "errorCount" : 0,
    "errorPct" : 0.0,
    "meanResTime" : 218.2,
    "medianResTime" : 218.0,
    "minResTime" : 167.0,
    "maxResTime" : 277.0,
    "pct1ResTime" : 277.0,
    "pct2ResTime" : 277.0,
    "pct3ResTime" : 277.0,
    "throughput" : 1.3642473306413679E-5,
    "receivedKBytesPerSec" : 6.612069826145614E-5,
    "sentKBytesPerSec" : 9.245973119776458E-6
  },
  "view_cart" : {
    "transaction" : "view_cart",
    "sampleCount" : 5,
    "errorCount" : 0,
    "errorPct" : 0.0,
    "meanResTime" : 932.6,
    "medianResTime" : 612.0,
    "minResTime" : 513.0,
    "maxResTime" : 2317.0,
    "pct1ResTime" : 2317.0,
    "pct2ResTime" : 2317.0,
    "pct3ResTime" : 2317.0,
    "throughput" : 1.3642160822997512E-5,
    "receivedKBytesPerSec" : 6.513332447620589E-5,
    "sentKBytesPerSec" : 6.341473195065249E-6
  },
  "Debug Sampler" : {
    "transaction" : "Debug Sampler",
    "sampleCount" : 5,
    "errorCount" : 0,
    "errorPct" : 0.0,
    "meanResTime" : 4.4,
    "medianResTime" : 4.0,
    "minResTime" : 3.0,
    "maxResTime" : 6.0,
    "pct1ResTime" : 6.0,
    "pct2ResTime" : 6.0,
    "pct3ResTime" : 6.0,
    "throughput" : 1.3642594767500103E-5,
    "receivedKBytesPerSec" : 5.076004498454628E-6,
    "sentKBytesPerSec" : 0.0
  },
  "select category" : {
    "transaction" : "select category",
    "sampleCount" : 5,
    "errorCount" : 0,
    "errorPct" : 0.0,
    "meanResTime" : 217.8,
    "medianResTime" : 218.0,
    "minResTime" : 202.0,
    "maxResTime" : 239.0,
    "pct1ResTime" : 239.0,
    "pct2ResTime" : 239.0,
    "pct3ResTime" : 239.0,
    "throughput" : 1.364251149774498E-5,
    "receivedKBytesPerSec" : 5.87267487129491E-5,
    "sentKBytesPerSec" : 8.819670519049978E-6
  },
  "login-68" : {
    "transaction" : "login-68",
    "sampleCount" : 17,
    "errorCount" : 0,
    "errorPct" : 0.0,
    "meanResTime" : 1718.0588235294117,
    "medianResTime" : 1704.0,
    "minResTime" : 314.0,
    "maxResTime" : 3479.0,
    "pct1ResTime" : 3403.0,
    "pct2ResTime" : 3479.0,
    "pct3ResTime" : 3479.0,
    "throughput" : 4.6384643125150596E-5,
    "receivedKBytesPerSec" : 2.500795206725577E-4,
    "sentKBytesPerSec" : 7.464495591153314E-5
  },
  "Total" : {
    "transaction" : "Total",
    "sampleCount" : 172,
    "errorCount" : 0,
    "errorPct" : 0.0,
    "meanResTime" : 867.639534883721,
    "medianResTime" : 325.0,
    "minResTime" : 3.0,
    "maxResTime" : 8302.0,
    "pct1ResTime" : 2276.6000000000004,
    "pct2ResTime" : 2703.0999999999995,
    "pct3ResTime" : 5575.450000000038,
    "throughput" : 4.692828137651836E-4,
    "receivedKBytesPerSec" : 0.001778927921877235,
    "sentKBytesPerSec" : 4.4979242164869834E-4
  },
  "add to cart pet" : {
    "transaction" : "add to cart pet",
    "sampleCount" : 15,
    "errorCount" : 0,
    "errorPct" : 0.0,
    "meanResTime" : 1196.8,
    "medianResTime" : 216.0,
    "minResTime" : 160.0,
    "maxResTime" : 8302.0,
    "pct1ResTime" : 6061.000000000002,
    "pct2ResTime" : 8302.0,
    "pct3ResTime" : 8302.0,
    "throughput" : 4.092703477218445E-5,
    "receivedKBytesPerSec" : 2.1234896068810153E-4,
    "sentKBytesPerSec" : 2.785756175411383E-5
  },
  "JSR223 Sampler" : {
    "transaction" : "JSR223 Sampler",
    "sampleCount" : 5,
    "errorCount" : 0,
    "errorPct" : 0.0,
    "meanResTime" : 402.2,
    "medianResTime" : 188.0,
    "minResTime" : 39.0,
    "maxResTime" : 1446.0,
    "pct1ResTime" : 1446.0,
    "pct2ResTime" : 1446.0,
    "pct3ResTime" : 1446.0,
    "throughput" : 1.3642579096181099E-5,
    "receivedKBytesPerSec" : 0.0,
    "sentKBytesPerSec" : 0.0
  },
  "view_cart-0" : {
    "transaction" : "view_cart-0",
    "sampleCount" : 5,
    "errorCount" : 0,
    "errorPct" : 0.0,
    "meanResTime" : 605.0,
    "medianResTime" : 405.0,
    "minResTime" : 348.0,
    "maxResTime" : 1452.0,
    "pct1ResTime" : 1452.0,
    "pct2ResTime" : 1452.0,
    "pct3ResTime" : 1452.0,
    "throughput" : 1.364216849067416E-5,
    "receivedKBytesPerSec" : 5.995093575003293E-6,
    "sentKBytesPerSec" : 3.1707383796684085E-6
  },
  "login-68-1" : {
    "transaction" : "login-68-1",
    "sampleCount" : 17,
    "errorCount" : 0,
    "errorPct" : 0.0,
    "meanResTime" : 227.2941176470588,
    "medianResTime" : 197.0,
    "minResTime" : 158.0,
    "maxResTime" : 406.0,
    "pct1ResTime" : 351.59999999999997,
    "pct2ResTime" : 406.0,
    "pct3ResTime" : 406.0,
    "throughput" : 4.6384670335757756E-5,
    "receivedKBytesPerSec" : 2.358562430744447E-4,
    "sentKBytesPerSec" : 3.257158836077107E-5
  },
  "checkout" : {
    "transaction" : "checkout",
    "sampleCount" : 5,
    "errorCount" : 0,
    "errorPct" : 0.0,
    "meanResTime" : 1047.0,
    "medianResTime" : 205.0,
    "minResTime" : 164.0,
    "maxResTime" : 4471.0,
    "pct1ResTime" : 4471.0,